[
  {
    "fullName": "Emmitt Benally",
    "boughtCars": 5,
    "spentMoney": 5379.56
  },
  {
    "fullName": "Donnetta Soliz",
    "boughtCars": 3,
    "spentMoney": 8922.22
  },
  {
    "fullName": "Garret Capron",
    "boughtCars": 3,
    "spentMoney": 2794.86
  },
  {
    "fullName": "Hipolito Lamoreaux",
    "boughtCars": 4,
    "spentMoney": 6665.78
  },
  {
    "fullName": "Sylvie Mcelravy",
    "boughtCars": 2,
    "spentMoney": 5578.16
  },
  {
    "fullName": "Jimmy Grossi",
    "boughtCars": 2,
    "spentMoney": 3462.60
  },
  {
    "fullName": "Faustina Burgher",
    "boughtCars": 2,
    "spentMoney": 2429.20
  },
  {
    "fullName": "Daniele Zarate",
    "boughtCars": 5,
    "spentMoney": 7200.08
  },
  {
    "fullName": "Cinthia Lasala",
    "boughtCars": 3,
    "spentMoney": 6616.05
  },
  {
    "fullName": "Nisha Markwell",
    "boughtCars": 3,
    "spentMoney": 4131.81
  },
  {
    "fullName": "Yvonne Mccalla",
    "boughtCars": 2,
    "spentMoney": 1764.72
  },
  {
    "fullName": "Taina Achenbach",
    "boughtCars": 2,
    "spentMoney": 1049.41
  },
  {
    "fullName": "Rema Revelle",
    "boughtCars": 4,
    "spentMoney": 971.30
  },
  {
    "fullName": "Carri Knapik",
    "boughtCars": 2,
    "spentMoney": 3396.81
  },
  {
    "fullName": "Kristian Engberg",
    "boughtCars": 3,
    "spentMoney": 2802.46
  },
  {
    "fullName": "Brett Brickley",
    "boughtCars": 4,
    "spentMoney": 7765.58
  },
  {
    "fullName": "Oren Perlman",
    "boughtCars": 1,
    "spentMoney": 529.27
  },
  {
    "fullName": "Carole Witman",
    "boughtCars": 2,
    "spentMoney": 605.91
  },
  {
    "fullName": "Francis Mckim",
    "boughtCars": 1,
    "spentMoney": 352.96
  },
  {
    "fullName": "Audrea Cardinal",
    "boughtCars": 1,
    "spentMoney": 1930.27
  },
  {
    "fullName": "Johnette Derryberry",
    "boughtCars": 5,
    "spentMoney": 13529.25
  },
  {
    "fullName": "Teddy Hobby",
    "boughtCars": 3,
    "spentMoney": 7176.11
  },
  {
    "fullName": "Rico Peer",
    "boughtCars": 4,
    "spentMoney": 3066.88
  },
  {
    "fullName": "Lino Subia",
    "boughtCars": 3,
    "spentMoney": 2185.26
  },
  {
    "fullName": "Hai Everton",
    "boughtCars": 2,
    "spentMoney": 3044.12
  },
  {
    "fullName": "Zada Attwood",
    "boughtCars": 6,
    "spentMoney": 13474.31
  },
  {
    "fullName": "Marcelle Griego",
    "boughtCars": 3,
    "spentMoney": 1829.50
  },
  {
    "fullName": "Natalie Poli",
    "boughtCars": 3,
    "spentMoney": 8130.01
  },
  {
    "fullName": "Louann Holzworth",
    "boughtCars": 3,
    "spentMoney": 3691.69
  },
  {
    "fullName": "Ann Mcenaney",
    "boughtCars": 2,
    "spentMoney": 2428.34
  }
]